<?xml version="1.0" encoding="UTF-8" ?>

<atmoswing version="1.0" target="calibrator">
  <description>
    <method_id>PD-A2Z</method_id>
    <method_id_display>Classic circulation</method_id_display>
    <specific_tag>somwhere</specific_tag>
    <specific_tag_display>groupment of interest</specific_tag_display>
    <description>Classic analogy on the atmospheric circulation (2 levels)</description>
  </description>
  <time_properties>
    <archive_period>
      <start_year>1961</start_year>
      <end_year>2008</end_year>
    </archive_period>
    <calibration_period>
      <start_year>1961</start_year>
      <end_year>2008</end_year>
    </calibration_period>
    <time_step>24</time_step>
    <time_array_target>
      <time_array>simple</time_array>
    </time_array_target>
    <time_array_analogs>
      <time_array>days_interval</time_array>
      <interval_days min="10" max="100" step="10" method="fixed">60</interval_days>
      <exclude_days>60</exclude_days>
    </time_array_analogs>
  </time_properties>
  <analog_dates>
    <analogs_number>20</analogs_number>
    <predictor>
      <preload>0</preload>
      <dataset_id>NCEP_Reanalysis_v1</dataset_id>
      <data_id>press/hgt</data_id>
      <level>1000</level>
      <time>18</time>
      <spatial_window>
        <x_min>5</x_min>
        <x_points_nb>6</x_points_nb>
        <x_step>2.5</x_step>
        <y_min>35</y_min>
        <y_points_nb>7</y_points_nb>
        <y_step>2.5</y_step>
      </spatial_window>
      <criteria>S1</criteria>
    </predictor>
    <predictor>
      <preload>0</preload>
      <dataset_id>NCEP_Reanalysis_v1</dataset_id>
      <data_id>press/hgt</data_id>
      <level>500</level>
      <time>18</time>
      <spatial_window>
        <x_min>5</x_min>
        <x_points_nb>5</x_points_nb>
        <x_step>2.5</x_step>
        <y_min>45</y_min>
        <y_points_nb>3</y_points_nb>
        <y_step>2.5</y_step>
      </spatial_window>
      <criteria>S1</criteria>
    </predictor>
  </analog_dates>
  <analog_values>
    <predictand>
      <station_id>8</station_id>
    </predictand>
  </analog_values>
  <analog_forecast_score>
    <score>CRPSS</score>
  </analog_forecast_score>
  <analog_forecast_score_final>
    <time_array>simple</time_array>
  </analog_forecast_score_final>
</atmoswing>
