<?xml version="1.0" encoding="UTF-8"?>
<atmoswing version="1.0" target="calibrator">
  <description>
    <method_id>PC-AZ4o</method_id>
    <method_id_display>Circulation optimized</method_id_display>
    <specific_tag>VS</specific_tag>
    <specific_tag_display>VS</specific_tag_display>
    <description>Analogy on the atmospheric circulation (4 levels) optimized</description>
  </description>
  <time_properties>
    <archive_period>
      <start>01.01.1961</start>
      <end>31.12.2008</end>
    </archive_period>
    <calibration_period>
      <start>01.01.1961</start>
      <end>31.12.2008</end>
    </calibration_period>
    <validation_period>
      <years>1962, 1968, 1974, 1980, 1986, 1992, 1998, 2004</years>
    </validation_period>
    <time_step>24</time_step>
    <time_array_target>
      <time_array>simple</time_array>
    </time_array_target>
    <time_array_analogs>
      <time_array>days_interval</time_array>
      <interval_days>60</interval_days>
      <exclude_days>60</exclude_days>
    </time_array_analogs>
  </time_properties>
  <analog_dates>
    <analogs_number>23</analogs_number>
    <predictor>
      <preload>1</preload>
      <preprocessing>
        <preprocessing_method>Gradients</preprocessing_method>
        <preprocessing_data>
          <dataset_id>NCEP_Reanalysis_v1_terranum</dataset_id>
          <data_id>hgt</data_id>
          <level>500</level>
          <time>12</time>
        </preprocessing_data>
      </preprocessing>
      <spatial_window>
        <grid_type>regular</grid_type>
        <x_min>2.5</x_min>
        <x_points_nb>5</x_points_nb>
        <x_step>2.5</x_step>
        <y_min>45</y_min>
        <y_points_nb>2</y_points_nb>
        <y_step>2.5</y_step>
      </spatial_window>
      <criteria>S1grads</criteria>
      <weight>0.29</weight>
    </predictor>
    <predictor>
      <preload>1</preload>
      <preprocessing>
        <preprocessing_method>Gradients</preprocessing_method>
        <preprocessing_data>
          <dataset_id>NCEP_Reanalysis_v1_terranum</dataset_id>
          <data_id>hgt</data_id>
          <level>700</level>
          <time>24</time>
        </preprocessing_data>
      </preprocessing>
      <spatial_window>
        <grid_type>regular</grid_type>
        <x_min>7.5</x_min>
        <x_points_nb>4</x_points_nb>
        <x_step>2.5</x_step>
        <y_min>45</y_min>
        <y_points_nb>3</y_points_nb>
        <y_step>2.5</y_step>
      </spatial_window>
      <criteria>S1grads</criteria>
      <weight>0.30</weight>
    </predictor>
    <predictor>
      <preload>1</preload>
      <preprocessing>
        <preprocessing_method>Gradients</preprocessing_method>
        <preprocessing_data>
          <dataset_id>NCEP_Reanalysis_v1_terranum</dataset_id>
          <data_id>hgt</data_id>
          <level>1000</level>
          <time>12</time>
        </preprocessing_data>
      </preprocessing>
      <spatial_window>
        <grid_type>regular</grid_type>
        <x_min>0</x_min>
        <x_points_nb>8</x_points_nb>
        <x_step>2.5</x_step>
        <y_min>40</y_min>
        <y_points_nb>4</y_points_nb>
        <y_step>2.5</y_step>
      </spatial_window>
      <criteria>S1grads</criteria>
      <weight>0.22</weight>
    </predictor>
    <predictor>
      <preload>1</preload>
      <preprocessing>
        <preprocessing_method>Gradients</preprocessing_method>
        <preprocessing_data>
          <dataset_id>NCEP_Reanalysis_v1_terranum</dataset_id>
          <data_id>hgt</data_id>
          <level>1000</level>
          <time>30</time>
        </preprocessing_data>
      </preprocessing>
      <spatial_window>
        <grid_type>regular</grid_type>
        <x_min>5</x_min>
        <x_points_nb>7</x_points_nb>
        <x_step>2.5</x_step>
        <y_min>40</y_min>
        <y_points_nb>5</y_points_nb>
        <y_step>2.5</y_step>
      </spatial_window>
      <criteria>S1grads</criteria>
      <weight>0.19</weight>
    </predictor>
  </analog_dates>
  <analog_values>
    <predictand>
      <station_id>8</station_id>
    </predictand>
  </analog_values>
  <analog_forecast_score>
    <score>CRPSSkillScore</score>
  </analog_forecast_score>
  <analog_forecast_score_final>
    <time_array>simple</time_array>
  </analog_forecast_score_final>
</atmoswing>
